name,titrant,concentration,sigma
NaOH M,True,0.09999475104646426,0.0002
H3PO4,False,1003.8609446278546,100.0
