Px,Py
-7.196630934742805,45.764330223864086
38.307964778804724,-60.0458957351858
31.32322225670185,40.110583927207216
