Px,Py
3.6969895100502947,21.544816240405165
45.783729712267295,-60.45440986945887
18.218505021575627,56.15473271540333
41.03364633592093,-5.928724300785745
