Px,Py
-5.570871093404312,31.624976270597447
43.859750046685804,-37.48078649384013
19.8533114560019,-18.78917619994864
31.664481415757553,46.45746829939118
39.03244004706941,-5.949305516285034
